rank,filename,composite_score,dual_mode_score,hover_score,cruise_score,explore_score,AR,lambda,aoaRoot (deg),aoaTip (deg),pred_eta_hover,LD_ll,LD_cfd
1,LS_047_01.csv,0.9119062577362965,0.7144113395945773,0.6054524681698494,0.8233702110193052,0.7063541924543217,9.094528476787096,0.6828928688569926,19.8312348425706,6.400600643759812,0.36015794847411225,21.623782974422436,
2,LS_029_01.csv,0.8892115001239149,0.6601769660684702,0.3203539321369404,1.0,0.9512716552906926,9.95080594797027,0.6195662041898861,18.39231390612732,3.6116879668791215,0.2761199425052179,22.51276109557266,
3,LS_038_01.csv,0.8591565827317635,0.6349837137057226,0.31111978491302583,0.9588476424984194,1.0,9.792837134199418,0.5743602703016487,17.601760007190226,3.170728878823125,0.27339800878251574,22.30564118865449,
4,LS_033_01.csv,0.8203328727612269,0.6287524150711988,0.9673577492817921,0.2901470808606056,0.9074193773780537,7.112627828114131,0.5450012962465937,19.504938369829883,7.077744423420494,0.4668361468172604,18.94006977328097,
5,LS_046_01.csv,0.7798836152177309,0.6204450910271261,0.2983305900253053,0.9425595920289468,0.8216911618667642,9.591794833935795,0.7541563029068703,12.286764835535852,7.832972880678397,0.26962815976376264,22.22366339438144,
6,LS_044_01.csv,0.7319106242379206,0.6496282025636825,0.5479379329034968,0.7513184722238682,0.48928666796410003,8.80985707339315,0.642619132608564,18.464373889901,5.055419670623509,0.3432044876627456,21.261146412664583,
7,LS_026_01.csv,0.7271924936450014,0.6108199384427935,0.3689695623294677,0.8526703145561193,0.7029461081748786,9.20224388274688,0.7198452158680951,12.453215740957353,7.720764589029917,0.29045028834687303,21.77125046075064,
8,LS_030_01.csv,0.6933354547047179,0.6216552930665762,0.5894162516234013,0.6538943345097511,0.5260440732297365,8.488047382055758,0.5331474664217799,15.426461143425549,6.348996275441715,0.35543098045596244,20.770810510665388,
